{
  "configVersion": 1,
  "timestamp": 1658941957367,
  "index": "/index.html",
  "assetGroups": [
    {
      "name": "app",
      "installMode": "prefetch",
      "updateMode": "prefetch",
      "cacheQueryOptions": {
        "ignoreVary": true
      },
      "urls": [
        "/common.js",
        "/default-src_app_explore-container_explore-container_module_ts-src_app_services_upload-service-1f5bb8.js",
        "/index.html",
        "/main.js",
        "/manifest.webmanifest",
        "/node_modules_capacitor_camera_dist_esm_web_js.js",
        "/node_modules_capacitor_filesystem_dist_esm_web_js.js",
        "/node_modules_capacitor_storage_dist_esm_web_js.js",
        "/node_modules_ionic_core_dist_esm_index-595c1526_js.js",
        "/node_modules_ionic_core_dist_esm_input-shims-e57bb0ce_js.js",
        "/node_modules_ionic_core_dist_esm_ion-accordion_2_entry_js.js",
        "/node_modules_ionic_core_dist_esm_ion-action-sheet_entry_js.js",
        "/node_modules_ionic_core_dist_esm_ion-alert_entry_js.js",
        "/node_modules_ionic_core_dist_esm_ion-app_8_entry_js.js",
        "/node_modules_ionic_core_dist_esm_ion-avatar_3_entry_js.js",
        "/node_modules_ionic_core_dist_esm_ion-back-button_entry_js.js",
        "/node_modules_ionic_core_dist_esm_ion-backdrop_entry_js.js",
        "/node_modules_ionic_core_dist_esm_ion-breadcrumb_2_entry_js.js",
        "/node_modules_ionic_core_dist_esm_ion-button_2_entry_js.js",
        "/node_modules_ionic_core_dist_esm_ion-card_5_entry_js.js",
        "/node_modules_ionic_core_dist_esm_ion-checkbox_entry_js.js",
        "/node_modules_ionic_core_dist_esm_ion-chip_entry_js.js",
        "/node_modules_ionic_core_dist_esm_ion-col_3_entry_js.js",
        "/node_modules_ionic_core_dist_esm_ion-datetime_3_entry_js.js",
        "/node_modules_ionic_core_dist_esm_ion-fab_3_entry_js.js",
        "/node_modules_ionic_core_dist_esm_ion-img_entry_js.js",
        "/node_modules_ionic_core_dist_esm_ion-infinite-scroll_2_entry_js.js",
        "/node_modules_ionic_core_dist_esm_ion-input_entry_js.js",
        "/node_modules_ionic_core_dist_esm_ion-item-option_3_entry_js.js",
        "/node_modules_ionic_core_dist_esm_ion-item_8_entry_js.js",
        "/node_modules_ionic_core_dist_esm_ion-loading_entry_js.js",
        "/node_modules_ionic_core_dist_esm_ion-menu_3_entry_js.js",
        "/node_modules_ionic_core_dist_esm_ion-modal_entry_js.js",
        "/node_modules_ionic_core_dist_esm_ion-nav_2_entry_js.js",
        "/node_modules_ionic_core_dist_esm_ion-picker-column-internal_entry_js.js",
        "/node_modules_ionic_core_dist_esm_ion-picker-internal_entry_js.js",
        "/node_modules_ionic_core_dist_esm_ion-popover_entry_js.js",
        "/node_modules_ionic_core_dist_esm_ion-progress-bar_entry_js.js",
        "/node_modules_ionic_core_dist_esm_ion-radio_2_entry_js.js",
        "/node_modules_ionic_core_dist_esm_ion-range_entry_js.js",
        "/node_modules_ionic_core_dist_esm_ion-refresher_2_entry_js.js",
        "/node_modules_ionic_core_dist_esm_ion-reorder_2_entry_js.js",
        "/node_modules_ionic_core_dist_esm_ion-ripple-effect_entry_js.js",
        "/node_modules_ionic_core_dist_esm_ion-route_4_entry_js.js",
        "/node_modules_ionic_core_dist_esm_ion-searchbar_entry_js.js",
        "/node_modules_ionic_core_dist_esm_ion-segment_2_entry_js.js",
        "/node_modules_ionic_core_dist_esm_ion-select_3_entry_js.js",
        "/node_modules_ionic_core_dist_esm_ion-slide_2_entry_js.js",
        "/node_modules_ionic_core_dist_esm_ion-spinner_entry_js.js",
        "/node_modules_ionic_core_dist_esm_ion-split-pane_entry_js.js",
        "/node_modules_ionic_core_dist_esm_ion-tab-bar_2_entry_js.js",
        "/node_modules_ionic_core_dist_esm_ion-tab_2_entry_js.js",
        "/node_modules_ionic_core_dist_esm_ion-text_entry_js.js",
        "/node_modules_ionic_core_dist_esm_ion-textarea_entry_js.js",
        "/node_modules_ionic_core_dist_esm_ion-toast_entry_js.js",
        "/node_modules_ionic_core_dist_esm_ion-toggle_entry_js.js",
        "/node_modules_ionic_core_dist_esm_ion-virtual-scroll_entry_js.js",
        "/node_modules_ionic_core_dist_esm_status-tap-130b103e_js.js",
        "/node_modules_ionic_core_dist_esm_swiper_bundle-28080340_js.js",
        "/node_modules_ionic_pwa-elements_dist_esm_polyfills_core-js_js.js",
        "/node_modules_ionic_pwa-elements_dist_esm_polyfills_dom_js.js",
        "/node_modules_ionic_pwa-elements_dist_esm_pwa-action-sheet_entry_js.js",
        "/node_modules_ionic_pwa-elements_dist_esm_pwa-camera-modal-instance_entry_js.js",
        "/node_modules_ionic_pwa-elements_dist_esm_pwa-camera-modal_entry_js.js",
        "/node_modules_ionic_pwa-elements_dist_esm_pwa-camera_entry_js.js",
        "/node_modules_ionic_pwa-elements_dist_esm_pwa-toast_entry_js.js",
        "/node_modules_ionic_pwa-elements_dist_esm_shadow-css-d7d058ec-d59cb009_js.js",
        "/polyfills-core-js.js",
        "/polyfills-dom.js",
        "/polyfills.js",
        "/runtime.js",
        "/src_app_tab1_tab1_module_ts.js",
        "/src_app_tab2_tab2_module_ts.js",
        "/src_app_tabs_tabs_module_ts.js",
        "/stencil-polyfills-css-shim.js",
        "/stencil-polyfills-dom.js",
        "/styles.css",
        "/vendor.js"
      ],
      "patterns": []
    },
    {
      "name": "assets",
      "installMode": "lazy",
      "updateMode": "prefetch",
      "cacheQueryOptions": {
        "ignoreVary": true
      },
      "urls": [
        "/assets/icon/favicon.png",
        "/assets/icons/icon-128x128.png",
        "/assets/icons/icon-144x144.png",
        "/assets/icons/icon-152x152.png",
        "/assets/icons/icon-192x192.png",
        "/assets/icons/icon-384x384.png",
        "/assets/icons/icon-512x512.png",
        "/assets/icons/icon-72x72.png",
        "/assets/icons/icon-96x96.png",
        "/assets/shapes.svg"
      ],
      "patterns": []
    }
  ],
  "dataGroups": [],
  "hashTable": {
    "/assets/icon/favicon.png": "7798b8e0eb61d7375c245af78bbf5c916932bf13",
    "/assets/icons/icon-128x128.png": "dae3b6ed49bdaf4327b92531d4b5b4a5d30c7532",
    "/assets/icons/icon-144x144.png": "b0bd89982e08f9bd2b642928f5391915b74799a7",
    "/assets/icons/icon-152x152.png": "7479a9477815dfd9668d60f8b3b2fba709b91310",
    "/assets/icons/icon-192x192.png": "1abd80d431a237a853ce38147d8c63752f10933b",
    "/assets/icons/icon-384x384.png": "329749cd6393768d3131ed6304c136b1ca05f2fd",
    "/assets/icons/icon-512x512.png": "559d9c4318b45a1f2b10596bbb4c960fe521dbcc",
    "/assets/icons/icon-72x72.png": "c457e56089a36952cd67156f9996bc4ce54a5ed9",
    "/assets/icons/icon-96x96.png": "3914125a4b445bf111c5627875fc190f560daa41",
    "/assets/shapes.svg": "5413e95adabcb2cb639970051f55e0ddb64ace53",
    "/common.js": "20a4ae2d77218c31805fda720fc24d1d9864c9b7",
    "/default-src_app_explore-container_explore-container_module_ts-src_app_services_upload-service-1f5bb8.js": "50e1aa12b2edd05bfd796d42459bb0d4ad1f55a5",
    "/index.html": "bb4b162f567772880f2e90997d608da2e341ad3d",
    "/main.js": "e74a8073423631db23f12bb782e0a43f47887404",
    "/manifest.webmanifest": "9a088b7c4339228d1082e666ce105dc889bc180c",
    "/node_modules_capacitor_camera_dist_esm_web_js.js": "61e1f66c2e7fb03088eefd22748ba5279547faf2",
    "/node_modules_capacitor_filesystem_dist_esm_web_js.js": "6e30dcd918f224aa25584784524f7ca2ace5d355",
    "/node_modules_capacitor_storage_dist_esm_web_js.js": "6ef2fedc24a8dd00cc26fd4cfaabc67cd1f527e8",
    "/node_modules_ionic_core_dist_esm_index-595c1526_js.js": "54754c63525f84cd11b196444e9d4a1e88b57872",
    "/node_modules_ionic_core_dist_esm_input-shims-e57bb0ce_js.js": "646513414f2854e219a7046902d7453e6e80935f",
    "/node_modules_ionic_core_dist_esm_ion-accordion_2_entry_js.js": "57298995d6d12a439d91fa177e7a1b3f55819a8e",
    "/node_modules_ionic_core_dist_esm_ion-action-sheet_entry_js.js": "6e9cebc0b63af58d28a79883dffd263a957c4b04",
    "/node_modules_ionic_core_dist_esm_ion-alert_entry_js.js": "1b05b0da668ed201ca21e6818062b12ec3af4f79",
    "/node_modules_ionic_core_dist_esm_ion-app_8_entry_js.js": "f90b044bf8cfb712a28afc8ec6de5c8f9a8a9714",
    "/node_modules_ionic_core_dist_esm_ion-avatar_3_entry_js.js": "b8740d962b2d80047473257044e90717bf1487f7",
    "/node_modules_ionic_core_dist_esm_ion-back-button_entry_js.js": "d2961b53b436719e4be5e3be84c6522c3bb1da30",
    "/node_modules_ionic_core_dist_esm_ion-backdrop_entry_js.js": "a6c1dbaa561796c1d6195a2f1b2ef049e7a1d3e1",
    "/node_modules_ionic_core_dist_esm_ion-breadcrumb_2_entry_js.js": "eb36621952d2b11657fa02f2d3a65ba86bc55e1e",
    "/node_modules_ionic_core_dist_esm_ion-button_2_entry_js.js": "f8ed70371dbc334384c98091da789a49a671a529",
    "/node_modules_ionic_core_dist_esm_ion-card_5_entry_js.js": "a74cd2fa188f221fb8f406455408e81a9b01cae2",
    "/node_modules_ionic_core_dist_esm_ion-checkbox_entry_js.js": "40a12b8d99e12b45e791c688736b9b71a909611f",
    "/node_modules_ionic_core_dist_esm_ion-chip_entry_js.js": "99db377647fe69a22eb29e2f22b056d35ce23e85",
    "/node_modules_ionic_core_dist_esm_ion-col_3_entry_js.js": "c0aa6469c416cd1839268671b24cbfbc7a158dd2",
    "/node_modules_ionic_core_dist_esm_ion-datetime_3_entry_js.js": "9e3c9bcf8fe4e6bf9415733b1cd9fe138c9cdd6b",
    "/node_modules_ionic_core_dist_esm_ion-fab_3_entry_js.js": "7058dfe50515bf7ac039918ca79ac60ec45d5a41",
    "/node_modules_ionic_core_dist_esm_ion-img_entry_js.js": "3fcd690f0e70abbccbbe5e658c5a8af017f09f51",
    "/node_modules_ionic_core_dist_esm_ion-infinite-scroll_2_entry_js.js": "abd31f4d0d46ab06adb94d2f3f3a8b57fff4564d",
    "/node_modules_ionic_core_dist_esm_ion-input_entry_js.js": "ffc76928000cac6a4199faa7db87120e6f798354",
    "/node_modules_ionic_core_dist_esm_ion-item-option_3_entry_js.js": "cd8849a19253ae41d3d474d8188772cc51eedf47",
    "/node_modules_ionic_core_dist_esm_ion-item_8_entry_js.js": "2315c47c5243ff216d965311bfb5816890f9681b",
    "/node_modules_ionic_core_dist_esm_ion-loading_entry_js.js": "f6ef925b5325f0cafc62079fad95f39257aede7d",
    "/node_modules_ionic_core_dist_esm_ion-menu_3_entry_js.js": "334ba6ec7c33221c0c6b14ba6def0d7bc0d9ecca",
    "/node_modules_ionic_core_dist_esm_ion-modal_entry_js.js": "0f77b7f140954cd77743ca7071436834a4af5181",
    "/node_modules_ionic_core_dist_esm_ion-nav_2_entry_js.js": "33be86ec6c09d88c664219e99e7cb49f9503cd49",
    "/node_modules_ionic_core_dist_esm_ion-picker-column-internal_entry_js.js": "0d3cd8d2355ad543478ae1d2d1a6ec1ce6972209",
    "/node_modules_ionic_core_dist_esm_ion-picker-internal_entry_js.js": "2d395c2eb0c1193016b68aa70f29d1e2b3cfcc7f",
    "/node_modules_ionic_core_dist_esm_ion-popover_entry_js.js": "31b8c3d8598aca5378c8373c85a2fb55c19c654b",
    "/node_modules_ionic_core_dist_esm_ion-progress-bar_entry_js.js": "8fb905c84809e1a7a726bd366f49a9c13f469cf9",
    "/node_modules_ionic_core_dist_esm_ion-radio_2_entry_js.js": "aa5726aa59efb6c9a84d06fb47c2102514408e2b",
    "/node_modules_ionic_core_dist_esm_ion-range_entry_js.js": "29e3dc44878c2b0fcbb2e5e35e5151e91b2ff185",
    "/node_modules_ionic_core_dist_esm_ion-refresher_2_entry_js.js": "7bebc8870d62b7e458cda665e4f5b749deb17906",
    "/node_modules_ionic_core_dist_esm_ion-reorder_2_entry_js.js": "c8fe96333a4c54d4b8bb28d93f0251b048abe4de",
    "/node_modules_ionic_core_dist_esm_ion-ripple-effect_entry_js.js": "cc6a8e3592eb8ac496b61f1604f0f64fc48274a0",
    "/node_modules_ionic_core_dist_esm_ion-route_4_entry_js.js": "ffbd46c01ca1dae51be2c545188a6c4a47e38570",
    "/node_modules_ionic_core_dist_esm_ion-searchbar_entry_js.js": "e190c438edeb087a6a8eaf59e22edfd22228bd5e",
    "/node_modules_ionic_core_dist_esm_ion-segment_2_entry_js.js": "49c4347dd61acd3a45730427b02a9531481d3f63",
    "/node_modules_ionic_core_dist_esm_ion-select_3_entry_js.js": "bf02a2964008eeedd871cec3090f525bf3112d5d",
    "/node_modules_ionic_core_dist_esm_ion-slide_2_entry_js.js": "5b44eb17e2507465a43cdddb92d48f6f9ef71d6a",
    "/node_modules_ionic_core_dist_esm_ion-spinner_entry_js.js": "4d5a95baf705fddfb7e94e92cad7899123454c02",
    "/node_modules_ionic_core_dist_esm_ion-split-pane_entry_js.js": "04a723409e4982841478e0de94664354dc8d2f92",
    "/node_modules_ionic_core_dist_esm_ion-tab-bar_2_entry_js.js": "899716413c49db9b148040d7723ee105c9519038",
    "/node_modules_ionic_core_dist_esm_ion-tab_2_entry_js.js": "fa3f40d4a57a6825b5e2cafc7e4d0e80a8d5c568",
    "/node_modules_ionic_core_dist_esm_ion-text_entry_js.js": "6edb707755d28837fb28d1879ad2d2a1282a42b8",
    "/node_modules_ionic_core_dist_esm_ion-textarea_entry_js.js": "392adb3d0529b50eee8ac6361d8f34fc8336fcf9",
    "/node_modules_ionic_core_dist_esm_ion-toast_entry_js.js": "f82ad439cc83718eae1503fc8be94afdbb00df8d",
    "/node_modules_ionic_core_dist_esm_ion-toggle_entry_js.js": "b43f9101c8e8aad80f30268777a04ff15131bbd9",
    "/node_modules_ionic_core_dist_esm_ion-virtual-scroll_entry_js.js": "06a8f663b5c8a4459279ad7da5aafd1d153d27a2",
    "/node_modules_ionic_core_dist_esm_status-tap-130b103e_js.js": "cfc86f8968cbbb60e791a15c1f19faf90e79445d",
    "/node_modules_ionic_core_dist_esm_swiper_bundle-28080340_js.js": "e86a0c66e7869bda63db59043f3b30b2a17aeca7",
    "/node_modules_ionic_pwa-elements_dist_esm_polyfills_core-js_js.js": "bb4336869c42e53ee2f324ec09f9366798de1032",
    "/node_modules_ionic_pwa-elements_dist_esm_polyfills_dom_js.js": "08f377235fed340bbcf01aabdda5c255c6e52395",
    "/node_modules_ionic_pwa-elements_dist_esm_pwa-action-sheet_entry_js.js": "692de9c8f339d7c14b14b4d025b76ee501f7ce24",
    "/node_modules_ionic_pwa-elements_dist_esm_pwa-camera-modal-instance_entry_js.js": "9f39c75c6ffa54e10a303a782ea40f026be519eb",
    "/node_modules_ionic_pwa-elements_dist_esm_pwa-camera-modal_entry_js.js": "e79586329971e7b72fbedfa3c4401534ae2ce32e",
    "/node_modules_ionic_pwa-elements_dist_esm_pwa-camera_entry_js.js": "ae989ee25319597e92c46f25878fab96b541a807",
    "/node_modules_ionic_pwa-elements_dist_esm_pwa-toast_entry_js.js": "68ce6f3b47d83296a93423b76916aadcb10f3d49",
    "/node_modules_ionic_pwa-elements_dist_esm_shadow-css-d7d058ec-d59cb009_js.js": "874bf96fa0b1b601b3b9b63d15b8b01e5c67b4b1",
    "/polyfills-core-js.js": "6b09fe670652868768ab8f29120ae1de654e02aa",
    "/polyfills-dom.js": "f1687189509209067a2d3bc6ec87d1016a1f20c9",
    "/polyfills.js": "4f106293fd528d7a00593618485b74f56234dcbb",
    "/runtime.js": "a110a1a7367d862b632f9bd8b64f10ee6028af18",
    "/src_app_tab1_tab1_module_ts.js": "fa10ef07f1b91a1ea2066e4343d8d55b8c3186f6",
    "/src_app_tab2_tab2_module_ts.js": "f3fd60b45878fc934e7b5175bab8153483c924bc",
    "/src_app_tabs_tabs_module_ts.js": "470e2778da6be836c2b98ae2ff630f56dcee00a4",
    "/stencil-polyfills-css-shim.js": "cd24b8d23aef4db7fd3a12937030f331edb96c55",
    "/stencil-polyfills-dom.js": "486fe32aa024d3b541a19c3a85c9e6e42e868867",
    "/styles.css": "216eae1855b452de85f08eea31326f5e441f4fbb",
    "/vendor.js": "f6df3b24b205ffede2801f79854960643f2c59b1"
  },
  "navigationUrls": [
    {
      "positive": true,
      "regex": "^\\/.*$"
    },
    {
      "positive": false,
      "regex": "^\\/(?:.+\\/)?[^/]*\\.[^/]*$"
    },
    {
      "positive": false,
      "regex": "^\\/(?:.+\\/)?[^/]*__[^/]*$"
    },
    {
      "positive": false,
      "regex": "^\\/(?:.+\\/)?[^/]*__[^/]*\\/.*$"
    }
  ],
  "navigationRequestStrategy": "performance"
}